<?xml version="1.0" encoding="utf-8"?>
<!--/658409/916955/2.50/13/4/Undefined or Miscellaneous/-->
<quadcept_library>
  <setting unit="mil" />
  <textstyle name="Default" height="47.244094488189" strokewidth="7.8740157480315" charwidth="47.244094488189" />
  <textstyle name="Dimension" height="19.6850393700787" strokewidth="0" charwidth="19.6850393700787" />
  <textstyle name="H127W0635TH00762" height="50" strokewidth="3" charwidth="25" />
  <textstyle name="H15W15TH02" height="59.0551181102362" strokewidth="7.8740157480315" charwidth="59.0551181102362" />
  <padstyle name="c150_h100" surface="False" plated="True" isvia="False" nopaste="True" nomask="True" complex="False" holesize="39.370078740157">
    <padshape layer="TOP" shape="round" width="59.055118110235" height="59.055118110235" />
    <padshape layer="TOP_SOLDER_MASK" shape="round" width="66.929133858267" height="66.929133858267" />
    <padshape layer="INNER" shape="round" width="59.055118110235" height="59.055118110235" />
    <padshape layer="BOTTOM" shape="round" width="59.055118110235" height="59.055118110235" />
    <padshape layer="BOTTOM_SOLDER_MASK" shape="round" width="66.929133858267" height="66.929133858267" />
  </padstyle>
  <padstyle name="s150_h100" surface="False" plated="True" isvia="False" nopaste="True" nomask="True" complex="False" holesize="39.370078740157">
    <padshape layer="TOP" shape="square" width="59.055118110235" height="59.055118110235" />
    <padshape layer="TOP_SOLDER_MASK" shape="square" width="66.929133858267" height="66.929133858267" />
    <padshape layer="INNER" shape="square" width="59.055118110235" height="59.055118110235" />
    <padshape layer="BOTTOM" shape="square" width="59.055118110235" height="59.055118110235" />
    <padshape layer="BOTTOM_SOLDER_MASK" shape="square" width="66.929133858267" height="66.929133858267" />
  </padstyle>
  <padstyle name="c375_h250" surface="False" plated="True" isvia="False" nopaste="True" nomask="True" complex="False" holesize="98.425196850392">
    <padshape layer="TOP" shape="round" width="147.63779527559" height="147.63779527559" />
    <padshape layer="TOP_SOLDER_MASK" shape="round" width="155.51181102362" height="155.51181102362" />
    <padshape layer="INNER" shape="round" width="147.63779527559" height="147.63779527559" />
    <padshape layer="BOTTOM" shape="round" width="147.63779527559" height="147.63779527559" />
    <padshape layer="BOTTOM_SOLDER_MASK" shape="round" width="155.51181102362" height="155.51181102362" />
  </padstyle>
  <footprint name="NHD0420D3ZFLGBWV3" originx="0" originy="0" pickpointx="0" pickpointy="0">
    <pcbpin number="1" name="J11" style="s150_h100" originx="0" originy="0" rotation="90" />
    <pcbpin number="2" name="J12" style="c150_h100" originx="99.999999999999" originy="0" rotation="90" />
    <pcbpin number="3" name="J13" style="c150_h100" originx="200" originy="0" rotation="90" />
    <pcbpin number="4" name="J21" style="s150_h100" originx="400" originy="0" rotation="90" />
    <pcbpin number="5" name="J22" style="c150_h100" originx="499.99999999999" originy="0" rotation="90" />
    <pcbpin number="6" name="J23" style="c150_h100" originx="599.99999999999" originy="0" rotation="90" />
    <pcbpin number="7" name="J24" style="c150_h100" originx="699.99999999999" originy="0" rotation="90" />
    <pcbpin number="8" name="J25" style="c150_h100" originx="799.99999999999" originy="0" rotation="90" />
    <pcbpin number="9" name="J26" style="c150_h100" originx="899.99999999999" originy="0" rotation="90" />
    <pcbpin number="10" name="MH1" style="c375_h250" originx="-295.27559055118" originy="-2165.3543307086" rotation="90" />
    <pcbpin number="11" name="MH2" style="c375_h250" originx="-295.27559055118" originy="0" rotation="90" />
    <pcbpin number="12" name="MH3" style="c375_h250" originx="3366.1417322834" originy="0" rotation="90" />
    <pcbpin number="13" name="MH4" style="c375_h250" originx="3366.1417322834" originy="-2165.3543307086" rotation="90" />
    <line layer="TOP_ASSEMBLY" originx="-393.70078740157" originy="-2263.779527559" endx="3464.5669291338" endy="-2263.779527559" width="7.8740157480314" />
    <line layer="TOP_ASSEMBLY" originx="3464.5669291338" originy="-2263.779527559" endx="3464.5669291338" endy="98.425196850392" width="7.8740157480314" />
    <line layer="TOP_ASSEMBLY" originx="3464.5669291338" originy="98.425196850392" endx="-393.70078740157" endy="98.425196850392" width="7.8740157480314" />
    <line layer="TOP_ASSEMBLY" originx="-393.70078740157" originy="98.425196850392" endx="-393.70078740157" endy="-2263.779527559" width="7.8740157480314" />
    <line layer="TOP_SILKSCREEN" originx="-393.70078740157" originy="98.425196850392" endx="3464.5669291338" endy="98.425196850392" width="3.9370078740157" />
    <line layer="TOP_SILKSCREEN" originx="3464.5669291338" originy="98.425196850392" endx="3464.5669291338" endy="-2263.779527559" width="3.9370078740157" />
    <line layer="TOP_SILKSCREEN" originx="3464.5669291338" originy="-2263.779527559" endx="-393.70078740157" endy="-2263.779527559" width="3.9370078740157" />
    <line layer="TOP_SILKSCREEN" originx="-393.70078740157" originy="-2263.779527559" endx="-393.70078740157" endy="98.425196850392" width="3.9370078740157" />
    <line layer="TOP_PLACE_BOUND" originx="-433.07086614173" originy="175.1968503937" endx="3503.937007874" endy="175.1968503937" width="3.9370078740157" />
    <line layer="TOP_PLACE_BOUND" originx="3503.937007874" originy="175.1968503937" endx="3503.937007874" endy="-2303.1496062992" width="3.9370078740157" />
    <line layer="TOP_PLACE_BOUND" originx="3503.937007874" originy="-2303.1496062992" endx="-433.07086614173" endy="-2303.1496062992" width="3.9370078740157" />
    <line layer="TOP_PLACE_BOUND" originx="-433.07086614173" originy="-2303.1496062992" endx="-433.07086614173" endy="175.1968503937" width="3.9370078740157" />
    <line layer="TOP_SILKSCREEN" originx="-5.511811023622" originy="133.85826771653" endx="-5.511811023622" endy="133.85826771653" width="7.8740157480314" />
    <arc layer="TOP_SILKSCREEN" originx="-3.5433070866141" originy="133.85826771653" startangle="180.0" sweepangle="180.0" radius="1.9685039370079" width="7.8740157480314" />
    <line layer="TOP_SILKSCREEN" originx="-1.5748031496063" originy="133.85826771653" endx="-1.5748031496063" endy="133.85826771653" width="7.8740157480314" />
    <arc layer="TOP_SILKSCREEN" originx="-3.5433070866141" originy="133.85826771653" startangle=".0" sweepangle="180.0" radius="1.9685039370079" width="7.8740157480314" />
    <line layer="TOP_SILKSCREEN" originx="-5.511811023622" originy="133.85826771653" endx="-5.511811023622" endy="133.85826771653" width="7.8740157480314" />
    <arc layer="TOP_SILKSCREEN" originx="-3.5433070866141" originy="133.85826771653" startangle="180.0" sweepangle="180.0" radius="1.9685039370079" width="7.8740157480314" />
  </footprint>
  <symbol name="NHD-0420D3Z-FL-GBW-V3" originx="0" originy="0">
    <line originx="200" originy="100" endx="1000" endy="100" width="0" />
    <line originx="1000" originy="-1100" endx="1000" endy="100" width="0" />
    <line originx="1000" originy="-1100" endx="200" endy="-1100" width="0" />
    <line originx="200" originy="100" endx="200" endy="-1100" width="0" />
    <sympin number="1" originx="1000" originy="-100" rotation="0" length="100" width="7.8740157480315" flipped="False">
      <text name="pinname" originx="970" originy="-100" style="Default" rotation="0" justify="right" flipped="False" hidden="False" data="RX" />
      <text name="pindes" originx="1060" originy="-80" style="Default" rotation="0" justify="lowerleft" flipped="False" hidden="False" data="J11" />
    </sympin>
    <sympin number="2" originx="1000" originy="-200" rotation="0" length="100" width="7.8740157480315" flipped="False">
      <text name="pinname" originx="970" originy="-200" style="Default" rotation="0" justify="right" flipped="False" hidden="False" data="VSS_1" />
      <text name="pindes" originx="1060" originy="-180" style="Default" rotation="0" justify="lowerleft" flipped="False" hidden="False" data="J12" />
    </sympin>
    <sympin number="3" originx="1000" originy="-300" rotation="0" length="100" width="7.8740157480315" flipped="False">
      <text name="pinname" originx="970" originy="-300" style="Default" rotation="0" justify="right" flipped="False" hidden="False" data="VDD_" />
      <text name="pindes" originx="1060" originy="-280" style="Default" rotation="0" justify="lowerleft" flipped="False" hidden="False" data="J13" />
    </sympin>
    <sympin number="4" originx="1000" originy="-400" rotation="0" length="100" width="7.8740157480315" flipped="False">
      <text name="pinname" originx="970" originy="-400" style="Default" rotation="0" justify="right" flipped="False" hidden="False" data="SPISS" />
      <text name="pindes" originx="1060" originy="-380" style="Default" rotation="0" justify="lowerleft" flipped="False" hidden="False" data="J21" />
    </sympin>
    <sympin number="5" originx="1000" originy="-500" rotation="0" length="100" width="7.8740157480315" flipped="False">
      <text name="pinname" originx="970" originy="-500" style="Default" rotation="0" justify="right" flipped="False" hidden="False" data="SDO" />
      <text name="pindes" originx="1060" originy="-480" style="Default" rotation="0" justify="lowerleft" flipped="False" hidden="False" data="J22" />
    </sympin>
    <sympin number="6" originx="1000" originy="-600" rotation="0" length="100" width="7.8740157480315" flipped="False">
      <text name="pinname" originx="970" originy="-600" style="Default" rotation="0" justify="right" flipped="False" hidden="False" data="SCK/SCL" />
      <text name="pindes" originx="1060" originy="-580" style="Default" rotation="0" justify="lowerleft" flipped="False" hidden="False" data="J23" />
    </sympin>
    <sympin number="7" originx="1000" originy="-700" rotation="0" length="100" width="7.8740157480315" flipped="False">
      <text name="pinname" originx="970" originy="-700" style="Default" rotation="0" justify="right" flipped="False" hidden="False" data="SDI/SDA" />
      <text name="pindes" originx="1060" originy="-680" style="Default" rotation="0" justify="lowerleft" flipped="False" hidden="False" data="J24" />
    </sympin>
    <sympin number="8" originx="1000" originy="-800" rotation="0" length="100" width="7.8740157480315" flipped="False">
      <text name="pinname" originx="970" originy="-800" style="Default" rotation="0" justify="right" flipped="False" hidden="False" data="VSS_2" />
      <text name="pindes" originx="1060" originy="-780" style="Default" rotation="0" justify="lowerleft" flipped="False" hidden="False" data="J25" />
    </sympin>
    <sympin number="9" originx="1000" originy="-900" rotation="0" length="100" width="7.8740157480315" flipped="False">
      <text name="pinname" originx="970" originy="-900" style="Default" rotation="0" justify="right" flipped="False" hidden="False" data="VDD" />
      <text name="pindes" originx="1060" originy="-880" style="Default" rotation="0" justify="lowerleft" flipped="False" hidden="False" data="J26" />
    </sympin>
    <sympin number="10" originx="200" originy="0" rotation="180" length="100" width="7.8740157480315" flipped="False">
      <text name="pinname" originx="230" originy="0" style="Default" rotation="0" justify="left" flipped="False" hidden="False" data="MH1" />
      <text name="pindes" originx="140" originy="20" style="Default" rotation="0" justify="lowerright" flipped="False" hidden="False" data="MH1" />
    </sympin>
    <sympin number="11" originx="1000" originy="0" rotation="0" length="100" width="7.8740157480315" flipped="False">
      <text name="pinname" originx="970" originy="0" style="Default" rotation="0" justify="right" flipped="False" hidden="False" data="MH2" />
      <text name="pindes" originx="1060" originy="20" style="Default" rotation="0" justify="lowerleft" flipped="False" hidden="False" data="MH2" />
    </sympin>
    <sympin number="12" originx="1000" originy="-1000" rotation="0" length="100" width="7.8740157480315" flipped="False">
      <text name="pinname" originx="970" originy="-1000" style="Default" rotation="0" justify="right" flipped="False" hidden="False" data="MH3" />
      <text name="pindes" originx="1060" originy="-980" style="Default" rotation="0" justify="lowerleft" flipped="False" hidden="False" data="MH3" />
    </sympin>
    <sympin number="13" originx="200" originy="-100" rotation="180" length="100" width="7.8740157480315" flipped="False">
      <text name="pinname" originx="230" originy="-100" style="Default" rotation="0" justify="left" flipped="False" hidden="False" data="MH4" />
      <text name="pindes" originx="140" originy="-80" style="Default" rotation="0" justify="lowerright" flipped="False" hidden="False" data="MH4" />
    </sympin>
  </symbol>
  <component name="NHD-0420D3Z-FL-GBW-V3" designatorprefix="U" height="367.71653543307" footprint="NHD0420D3ZFLGBWV3">
    <comppin designator="J11" sympin="1" pinswap="0" gateswap="0" gate="1" group="1" side="" type="Any" name="RX" />
    <comppin designator="J12" sympin="2" pinswap="0" gateswap="0" gate="1" group="1" side="" type="Any" name="VSS_1" />
    <comppin designator="J13" sympin="3" pinswap="0" gateswap="0" gate="1" group="1" side="" type="Any" name="VDD_" />
    <comppin designator="J21" sympin="4" pinswap="0" gateswap="0" gate="1" group="1" side="" type="Any" name="SPISS" />
    <comppin designator="J22" sympin="5" pinswap="0" gateswap="0" gate="1" group="1" side="" type="Any" name="SDO" />
    <comppin designator="J23" sympin="6" pinswap="0" gateswap="0" gate="1" group="1" side="" type="Any" name="SCK/SCL" />
    <comppin designator="J24" sympin="7" pinswap="0" gateswap="0" gate="1" group="1" side="" type="Any" name="SDI/SDA" />
    <comppin designator="J25" sympin="8" pinswap="0" gateswap="0" gate="1" group="1" side="" type="Any" name="VSS_2" />
    <comppin designator="J26" sympin="9" pinswap="0" gateswap="0" gate="1" group="1" side="" type="Any" name="VDD" />
    <comppin designator="MH1" sympin="10" pinswap="0" gateswap="0" gate="1" group="1" side="" type="Any" name="MH1" />
    <comppin designator="MH2" sympin="11" pinswap="0" gateswap="0" gate="1" group="1" side="" type="Any" name="MH2" />
    <comppin designator="MH3" sympin="12" pinswap="0" gateswap="0" gate="1" group="1" side="" type="Any" name="MH3" />
    <comppin designator="MH4" sympin="13" pinswap="0" gateswap="0" gate="1" group="1" side="" type="Any" name="MH4" />
    <attached_symbol gate="1" name="NHD-0420D3Z-FL-GBW-V3" />
    <pinmap designator="J11" footprintpin="1" />
    <pinmap designator="J12" footprintpin="2" />
    <pinmap designator="J13" footprintpin="3" />
    <pinmap designator="J21" footprintpin="4" />
    <pinmap designator="J22" footprintpin="5" />
    <pinmap designator="J23" footprintpin="6" />
    <pinmap designator="J24" footprintpin="7" />
    <pinmap designator="J25" footprintpin="8" />
    <pinmap designator="J26" footprintpin="9" />
    <pinmap designator="MH1" footprintpin="10" />
    <pinmap designator="MH2" footprintpin="11" />
    <pinmap designator="MH3" footprintpin="12" />
    <pinmap designator="MH4" footprintpin="13" />
    <text name="Datasheet" originx="0" originy="0" style="Default" rotation="0" justify="" flipped="False" hidden="True" data="https://componentsearchengine.com/Datasheets/1/NHD-0420D3Z-FL-GBW-V3.pdf" />
    <text name="Description" originx="0" originy="0" style="Default" rotation="0" justify="" flipped="False" hidden="True" data="LCD Character Display Modules &amp; Accessories 4 x 20 STN-GRAY 98.0 x 60.0" />
    <text name="Mouser Part Number" originx="0" originy="0" style="Default" rotation="0" justify="" flipped="False" hidden="True" data="763-0420D3ZFLGBW-V3" />
    <text name="Mouser Price/Stock" originx="0" originy="0" style="Default" rotation="0" justify="" flipped="False" hidden="True" data="https://www.mouser.co.uk/ProductDetail/Newhaven-Display/NHD-0420D3Z-FL-GBW-V3?qs=qFF%252BBcFBHba4i0K1fcOqkw%3D%3D" />
    <text name="Manufacturer_Name" originx="0" originy="0" style="Default" rotation="0" justify="" flipped="False" hidden="True" data="Newhaven Display" />
    <text name="Manufacturer_Part_Number" originx="1050" originy="200" style="Default" rotation="0" justify="left" flipped="False" hidden="False" data="NHD-0420D3Z-FL-GBW-V3" />
  </component>
</quadcept_library>
